{
  "project_info": {
    "project_number": "468748357222",
    "project_id": "hellodepokapp",
    "storage_bucket": "hellodepokapp.appspot.com"
  },
  "client": [
    {
      "client_info": {
        "mobilesdk_app_id": "1:468748357222:android:37d6c9228d1960c89427a7",
        "android_client_info": {
          "package_name": "com.example.hellodepokapp"
        }
      },
      "oauth_client": [
        {
          "client_id": "468748357222-8utbhm3ga8if5uhre57lvg7umrpqlsab.apps.googleusercontent.com",
          "client_type": 1,
          "android_info": {
            "package_name": "com.example.hellodepokapp",
            "certificate_hash": "134faf80535740ae02a5be7143b81382e9fee237"
          }
        },
        {
          "client_id": "468748357222-8ucfk6bm2dedolvrvsrv1h37clf6m3n6.apps.googleusercontent.com",
          "client_type": 3
        }
      ],
      "api_key": [
        {
          "current_key": "AIzaSyDwUwOGgFgL97VLXAnWY3HkfnKwYIcOX6o"
        }
      ],
      "services": {
        "appinvite_service": {
          "other_platform_oauth_client": [
            {
              "client_id": "468748357222-8ucfk6bm2dedolvrvsrv1h37clf6m3n6.apps.googleusercontent.com",
              "client_type": 3
            }
          ]
        }
      }
    }
  ],
  "configuration_version": "1"
}